col_names_old,description,keep,col_name_new,is_demographic
INC_RNKM,"Weighted cumulative percent ranking based on total current income, based on mean of imputation iterations",,,
INC_RNK5,Imputation Iteration #5 - INC_RANK,,,
INC_RNK4,Imputation Iteration #4 - INC_RANK,,,
INC_RNK3,Imputation Iteration #3 - INC_RANK,,,
INC_RNK2,Imputation Iteration #2 - INC_RANK,,,
INC_RNK1,Imputation Iteration #1 - INC_RANK,,,
INC_RANK,Weighted cumulative percent ranking based on total current income before taxes,,,
NEWID,Public use microdata identifier,1,,1
AGE_REF,Age of reference person,1,age_ref_person,1
AGE_REF_,Age of reference person (flag),,,
AGE2,Age of spouse,1,age_spouse,1
AGE2_,Age of spouse (flag),,,
BLS_URBN,Is this CU located in an urban or rural area,1,urban_rural,1
CUTENURE,Housing tenure,,,
CUTE_URE,NA,,,
DESCRIP,Housing unit or Group Quarters unit,1,unit_description,1
DESCRIP_,Housing unit or Group Quarters unit (flag),,,
EARNCOMP,Indicates which combinations of members of a CU are income earners,,,
EARN_OMP,NA,,,
EDUC_REF,Education of reference person,,,
EDUC0REF,NA,,,
EDUCA2,What is the highest level of school the spouse has completed or the highest degree the member has received?,,,
EDUCA2_,What is the highest level of school the spouse has completed or the highest degree the member has received? (flag),,,
EMPLTYP1,Employer from which reference person received the most earnings in past 12 months,,,
EMPL_YP1,NA,,,
EMPLTYP2,Employer from which the spouse received the most earnings in past 12 months,,,
EMPL_YP2,NA,,,
FAM_SIZE,Number of Members in CU,1,cu_size,1
FAM__IZE,NA,,,
FAM_TYPE,"Family Type is based on the relationship of members to reference person, whom physically occupy the address selected for the survey. ""Own"" children are sons and daughters children including step children and adopted",1,,1
FAM__YPE,NA,,,
FGVX,The sum of the amount of government retirement deduction,,,
FGVX_,The sum of the amount of government retirement deduction (flag),,,
FINCBEFX,Total amount of family income before taxes in the last 12 months (Collected data),1,inc_bfr_taxes_last_12_months,1
FINC_EFX,NA,,,
FINLWT21,Calibration final weight for the full sample,,,
FIRAX,The sum of the amount deducted for self-employed retirement plan FIRAX,,,
FIRAX_,The sum of the amount deducted for self-employed retirement plan FIRAX (flag),,,
FJSSDEDX,Portion of family income paid to Social Security during the past 12 months,,,
FJSS_EDX,NA,,,
FPVTX,The sum of the amount of private pension fund deduction for all the household members,,,
FPVTX_,The sum of the amount of private pension fund deduction for all the household members (flag),,,
FREEMLX,Weekly dollar amount of free meals,,,
FREEMLX_,Weekly dollar amount of free meals (flag),,,
FRRX,The sum of the railroad retirement deduction for all the household members,,,
FRRX_,The sum of the railroad retirement deduction for all the household members (flag),,,
FS_MTHI,year on which stamps were received during the month) - first,,,
FS_MTHI_,year on which stamps were received during the month) - first (flag),,,
FSS_RRX,Amount of Social Security and Railroad Retirement income prior to deductions for medical insurance and Medicare received by all CU members in past 12 months (Sum SOCRRX from MEMB file for all CU members),,,
FSS_RRX_,Amount of Social Security and Railroad Retirement income prior to deductions for medical insurance and Medicare received by all CU members in past 12 months (Sum SOCRRX from MEMB file for all CU members) (flag),,,
FSUPPX,Sum of the amount from supplemental security income checks for all household members,,,
FSUPPX_,Sum of the amount from supplemental security income checks for all household members (flag),,,
FWAGEX,The sum of the amount of wage/salary income before deductions for all household members,1,wage_inc_sum_all_cu_mems,1
FWAGEX_,The sum of the amount of wage/salary income before deductions for all household members (flag),,,
HRSPRWK1,Number of hours usually worked per week by reference person,,,
HRSP_WK1,NA,,,
HRSPRWK2,Number of hours usually worked per week by spouse,,,
HRSP_WK2,NA,,,
JFS_AMT,Annual value of food stamps,,,
JFS_AMT_,Annual value of food stamps (flag),,,
JGRCFDMV,Monthly expenditure for food and non-alcoholic beverages purchased at grocery store,,,
JGRC_DMV,NA,,,
JGRCFDWK,Weekly expenditure for food and non-alcoholic beverages purchased at grocery store,,,
JGRC_DWK,NA,,,
JGROCYMV,Monthly expenditure for grocery store purchases,,,
JGRO_YMV,NA,,,
JGROCYWK,Weekly expenditure for grocery store purchases,,,
JGRO_YWK,NA,,,
LUMPX,"Amount of lump sum receipts from estates, trusts, royalties, alimony, prizes, games of chance, or persons outside CU received by CU in past 12 months",,,
LUMPX_,"Amount of lump sum receipts from estates, trusts, royalties, alimony, prizes, games of chance, or persons outside CU received by CU in past 12 months (flag)",,,
MARITAL1,Marital status of reference person,1,married,1
MARI_AL1,NA,,,
NO_EARNR,Number of CU members reported as income earners,,,
NO_E_RNR,NA,,,
OCCEXPNX,"Amount of payment by CU for occupational expenses such as union dues, tools, uniforms, business or professional association dues, licenses or permits in past 12 months.",,,
OCCE_PNX,NA,,,
OCCULIS2,Job in which spouse received the most earnings during the past 12 months,1,job_spouse_category,1
OCCU_IS2,NA,,,
OTHINX,"Amount received in other money income including money received from care of foster children, cash scholarships and fellowships, or stipends not based on working",,,
OTHINX_,"Amount received in other money income including money received from care of foster children, cash scholarships and fellowships, or stipends not based on working (flag)",,,
OTHRECX,Other receipts,,,
OTHRECX_,Other receipts (flag),,,
PERSLT18,# of CU Members less than 18 AGE < 18,1,ppl_under_18_yrs,1
PERS_T18,NA,,,
PERSOT64,Number of persons over 64 SUM OF MEMBERS WHERE AGE > 64 BY CU,1,ppl_over_64_yrs,1
PERS_T64,NA,,,
OCCULIS1,The job in which reference person received the most earnings during the past 12 months best fits the following category,1,job_category,1
OCCU_IS1,NA,,,
POPSIZE,Population size of the PSU,1,pop_size_of_psu,1
RACE2,Race of spouse,,,
RACE2_,Race of spouse (flag),,,
REC_FS,"Have any members of your CU received any Food Stamps, during the past 12 months?",,,
REC_FS_,"Have any members of your CU received any Food Stamps, during the past 12 months? (flag)",,,
REF_RACE,Race of reference person,,,
REF__ACE,NA,,,
REGION,Region,1,,1
SEX_REF,Sex of reference person,1,sex_ref,1
SEX_REF_,Sex of reference person (flag),,,
SEX2,Sex of spouse person,1,sex_spouse,1
SEX2_,Sex of spouse person (flag),,,
SMSASTAT,Does CU reside inside a Metropolitan Statistical Area (MSA)?,1,in_msa,1
STRTMNTH,Start month of this diary week (month),1,start_month,1
STRTYEAR,Start year of this diary week (year),1,start_year,1
TYPOWND,Are these living quarters owned by regular ownership or as a condominium or cooperative?,1,type_owned,1
TYPOWND_,Are these living quarters owned by regular ownership or as a condominium or cooperative? (flag),,,
VEHQ,Total number of owned vehicles,1,owned_vehicles,1
VEHQ_,Total number of owned vehicles (flag),,,
WEEKI,Week of the Diary,,,
WEEKI_,Week of the Diary (flag),,,
WEEKN,Number of Diary weeks surveyed,,,
WELFRX,Amount received from public assistance or welfare including money received from job training grants such as Job Corps,1,welfare,
WELFRX_,Amount received from public assistance or welfare including money received from job training grants such as Job Corps (flag),,,
WHYNWRK1,Reason reference person did not work during the past 12 months,,,
WHYN_RK1,NA,,,
WHYNWRK2,Reason spouse did not work during the past 12 months,,,
WHYN_RK2,NA,,,
WK_WRKD1,"Number of weeks worked by reference person in the last 12 months, including full or part time, paid vacation and paid sick leave.",,,
WK_W_KD1,NA,,,
WK_WRKD2,"Number of weeks worked by spouse in the last 12 months, including full or part time, paid vacation and paid sick leave.",,,
WK_W_KD2,NA,,,
WTREP01,"CU replicate weight # 01 This variable and the following are 44 half sample replicate weights, WTREP01 through WTREP44, which are used for variance computation.",,,
WTREP02,"CU replicate weight # 02. This variable is one of the 44 half sample replicate weights (WTREP01 - WTREP44), which are used for variance computations.",,,
WTREP03,"CU replicate weight # 03. This variable is one of the 44 half sample replicate weights (WTREP01 - WTREP44), which are used for variance computations.",,,
WTREP04,"CU replicate weight # 04. This variable is one of the 44 half sample replicate weights (WTREP01 - WTREP44), which are used for variance computations.",,,
WTREP05,"CU replicate weight # 05. This variable is one of the 44 half sample replicate weights (WTREP01 - WTREP44), which are used for variance computations.",,,
WTREP06,"CU replicate weight # 06. This variable is one of the 44 half sample replicate weights (WTREP01 - WTREP44), which are used for variance computations.",,,
WTREP07,"CU replicate weight # 07. This variable is one of the 44 half sample replicate weights (WTREP01 - WTREP44), which are used for variance computations.",,,
WTREP08,"CU replicate weight # 08. This variable is one of the 44 half sample replicate weights (WTREP01 - WTREP44), which are used for variance computations.",,,
WTREP09,"CU replicate weight # 09. This variable is one of the 44 half sample replicate weights (WTREP01 - WTREP44), which are used for variance computations.",,,
WTREP10,"CU replicate weight # 10. This variable is one of the 44 half sample replicate weights (WTREP01 - WTREP44), which are used for variance computations.",,,
WTREP11,"CU replicate weight # 11. This variable is one of the 44 half sample replicate weights (WTREP01 - WTREP44), which are used for variance computations.",,,
WTREP12,"CU replicate weight # 12. This variable is one of the 44 half sample replicate weights (WTREP01 - WTREP44), which are used for variance computations.",,,
WTREP13,"CU replicate weight # 13. This variable is one of the 44 half sample replicate weights (WTREP01 - WTREP44), which are used for variance computations.",,,
WTREP14,"CU replicate weight # 14. This variable is one of the 44 half sample replicate weights (WTREP01 - WTREP44), which are used for variance computations.",,,
WTREP15,"CU replicate weight # 15. This variable is one of the 44 half sample replicate weights (WTREP01 - WTREP44), which are used for variance computations.",,,
WTREP16,"CU replicate weight # 16. This variable is one of the 44 half sample replicate weights (WTREP01 - WTREP44), which are used for variance computations.",,,
WTREP17,"CU replicate weight # 17. This variable is one of the 44 half sample replicate weights (WTREP01 - WTREP44), which are used for variance computations.",,,
NUM_VET,NA,,,
WTREP18,"CU replicate weight # 18. This variable is one of the 44 half sample replicate weights (WTREP01 - WTREP44), which are used for variance computations.",,,
WTREP19,"CU replicate weight # 19. This variable is one of the 44 half sample replicate weights (WTREP01 - WTREP44), which are used for variance computations.",,,
WTREP20,"CU replicate weight # 20. This variable is one of the 44 half sample replicate weights (WTREP01 - WTREP44), which are used for variance computations.",,,
WTREP21,"CU replicate weight # 21. This variable is one of the 44 half sample replicate weights (WTREP01 - WTREP44), which are used for variance computations.",,,
WTREP22,"CU replicate weight # 22. This variable is one of the 44 half sample replicate weights (WTREP01 - WTREP44), which are used for variance computations.",,,
WTREP23,"CU replicate weight # 23. This variable is one of the 44 half sample replicate weights (WTREP01 - WTREP44), which are used for variance computations.",,,
WTREP24,"CU replicate weight # 24. This variable is one of the 44 half sample replicate weights (WTREP01 - WTREP44), which are used for variance computations.",,,
WTREP25,"CU replicate weight # 25. This variable is one of the 44 half sample replicate weights (WTREP01 - WTREP44), which are used for variance computations.",,,
WTREP26,"CU replicate weight # 26. This variable is one of the 44 half sample replicate weights (WTREP01 - WTREP44), which are used for variance computations.",,,
WTREP27,"CU replicate weight # 27. This variable is one of the 44 half sample replicate weights (WTREP01 - WTREP44), which are used for variance computations.",,,
WTREP28,"CU replicate weight # 28. This variable is one of the 44 half sample replicate weights (WTREP01 - WTREP44), which are used for variance computations.",,,
WTREP29,"CU replicate weight # 29. This variable is one of the 44 half sample replicate weights (WTREP01 - WTREP44), which are used for variance computations.",,,
WTREP30,"CU replicate weight # 30. This variable is one of the 44 half sample replicate weights (WTREP01 - WTREP44), which are used for variance computations.",,,
WTREP31,"CU replicate weight # 31. This variable is one of the 44 half sample replicate weights (WTREP01 - WTREP44), which are used for variance computations.",,,
WTREP32,"CU replicate weight # 32. This variable is one of the 44 half sample replicate weights (WTREP01 - WTREP44), which are used for variance computations.",,,
WTREP33,"CU replicate weight # 33. This variable is one of the 44 half sample replicate weights (WTREP01 - WTREP44), which are used for variance computations.",,,
WTREP34,"CU replicate weight # 34. This variable is one of the 44 half sample replicate weights (WTREP01 - WTREP44), which are used for variance computations.",,,
WTREP35,"CU replicate weight # 35. This variable is one of the 44 half sample replicate weights (WTREP01 - WTREP44), which are used for variance computations.",,,
WTREP36,"CU replicate weight # 36. This variable is one of the 44 half sample replicate weights (WTREP01 - WTREP44), which are used for variance computations.",,,
WTREP37,"CU replicate weight # 37. This variable is one of the 44 half sample replicate weights (WTREP01 - WTREP44), which are used for variance computations.",,,
WTREP38,"CU replicate weight # 38. This variable is one of the 44 half sample replicate weights (WTREP01 - WTREP44), which are used for variance computations.",,,
WTREP39,"CU replicate weight # 39. This variable is one of the 44 half sample replicate weights (WTREP01 - WTREP44), which are used for variance computations.",,,
WTREP40,"CU replicate weight # 40. This variable is one of the 44 half sample replicate weights (WTREP01 - WTREP44), which are used for variance computations.",,,
WTREP41,"CU replicate weight # 41. This variable is one of the 44 half sample replicate weights (WTREP01 - WTREP44), which are used for variance computations.",,,
WTREP42,"CU replicate weight # 42. This variable is one of the 44 half sample replicate weights (WTREP01 - WTREP44), which are used for variance computations.",,,
WTREP43,"CU replicate weight # 43. This variable is one of the 44 half sample replicate weights (WTREP01 - WTREP44), which are used for variance computations.",,,
WTREP44,"CU replicate weight # 44. This variable is one of the 44 half sample replicate weights (WTREP01 - WTREP44), which are used for variance computations.",,,
FOODTOT,Total Food Expenditure,,,
FOODHOME,Food at home,,,
CEREAL,Cereal and cereal products.,,,
BAKEPROD,Bakery products,,,
BEEF,Expenditures on beef,,,
PORK,Pork,,,
OTHMEAT,Other meats,,,
POULTRY,Poultry,,,
SEAFOOD,Fish and seafood,,,
EGGS,Eggs,,,
MILKPROD,Fresh milk and cream,,,
OTHDAIRY,Other dairy products,,,
FRSHFRUT,Fresh fruits,,,
FRSHVEG,Fresh vegetables,,,
PROCFRVG,NA,,,
SWEETS,Sugar and other sweets,,,
NONALBEV,Nonalcoholic beverages,,,
OILS,Fats and oils,,,
MISCFOOD,Miscellaneous foods,,,
FOODAWAY,Food away from home,,,
ALCBEV,Alcoholic beverages,,,
SMOKSUPP,Tobacco products and smoking supplies,,,
PET_FOOD,Pet food,,,
PERSPROD,Personal care products,,,
PERSSERV,Personal care services,,,
DRUGSUPP,Non-prescription drugs and supplies,,,
HOUSKEEP,Housekeeping supplies and services,,,
HH_CU_Q,Count of Consumer Units in this household,1,cu_qty,
HH_CU_Q_,Count of Consumer Units in this household (flag),,,
HHID,Identifier for household with more than one CU. Household with only one CU will be set to missing.,1,,
HHID_,Identifier for household with more than one CU. Household with only one CU will be set to missing. (flag),,,
CHILDAGE,Age of children of reference person,1,children_age,
CHIL_AGE,NA,,,
STATE,Federal information processing standard state code,1,,
INC__ANK,NA,,,
CUID,CU sequence number which uniquely identifies CUs (Digits 1-7 of NEWID),1,,
HORREF1,Hispanic Origin of the Reference Person,,,
HORREF1_,Hispanic Origin of the Reference Person (flag),,,
HORREF2,Hispanic Origin of the spouse,,,
HORREF2_,Hispanic Origin of the spouse (flag),,,
FGVXM,"The sum of the amount of government retirement deduction, based on WAGEM",,,
FGVXM_,"The sum of the amount of government retirement deduction, based on WAGEM (flag)",,,
FINCBEFM,Total amount of family income before taxes in the last 12 months (Imputed or collected data),,,
FINC_EFM,NA,,,
FINCBEF1,Imputation Iteration #1 - FINCBEFX,,,
FINCBEF2,Imputation Iteration #2 - FINCBEFX,,,
FINCBEF3,Imputation Iteration #3 - FINCBEFX,,,
FINCBEF4,Imputation Iteration #4 - FINCBEFX,,,
FINCBEF5,Imputation Iteration #5 - FINCBEFX,,,
FINCBEFI,Indicator/descriptor variable for income imputation.,,,
FJSSDEDM,"Portion of family income paid to Social Security during the past 12 months, mean of imputation iterations.",,,
FJSS_EDM,NA,,,
FJSSDED1,Imputation Iteration #1 -FJSSDEDX,,,
FJSSDED2,Imputation Iteration #2 - FJSSDEDX,,,
FJSSDED3,Imputation Iteration #3 -FJSSDEDX,,,
FJSSDED4,Imputation Iteration #4 - FJSSDEDX,,,
FJSSDED5,Imputation Iteration #5 - FJSSDEDX,,,
FPVTXM,"The sum of the amount of private pension fund deduction for all the household members, based on WAGEM.  for all the household members",,,
FPVTXM_,"The sum of the amount of private pension fund deduction for all the household members, based on WAGEM.  for all the household members (flag)",,,
FRRXM,"The sum of the railroad retirement deduction for all the household members, based on WAGEM.",,,
FRRXM_,"The sum of the railroad retirement deduction for all the household members, based on WAGEM. (flag)",,,
FS_AMTXM,What was the dollar value of the last food stamps or EBT received (based on mean of imputation iterations)?,,,
FS_A_TXM,NA,,,
FS_AMTX1,Imputation Iteration #1 - FS_AMTX,,,
FS_AMTX2,Imputation Iteration #2 - FS_AMTX,,,
FS_AMTX3,Imputation Iteration #3 - FS_AMTX,,,
FS_AMTX4,Imputation Iteration #4 - FS_AMTX,,,
FS_AMTX5,Imputation Iteration #5 - FS_AMTX,,,
FS_AMTXI,Indicator/descriptor variable for income imputation.,,,
FSS_RRXM,"The sum of income received from Social Security benefits and railroad retirement check for all the household members, mean of imputation iterations.",,,
FSS__RXM,NA,,,
FSS_RRX1,Imputation Iteration #1 - FSS_RRX,,,
FSS_RRX2,Imputation Iteration #2 - FSS_RRX,,,
FSS_RRX3,Imputation Iteration #3 - FSS_RRX,,,
FSS_RRX4,Imputation Iteration #4 - FSS_RRX,,,
FSS_RRX5,Imputation Iteration #5 - FSS_RRX,,,
FSS_RRXI,Indicator/descriptor variable for income imputation.,,,
FSUPPXM,"The sum of the amount from supplemental security income checks for all household members, mean of imputation iterations.",,,
FSUPPXM_,"The sum of the amount from supplemental security income checks for all household members, mean of imputation iterations. (flag)",,,
FSUPPX1,Imputation Iteration #1 - FSUPPX,,,
FSUPPX2,Imputation Iteration #2 - FSUPPX,,,
FSUPPX3,Imputation Iteration #3 - FSUPPX,,,
FSUPPX4,Imputation Iteration #4 - FSUPPX,,,
FSUPPX5,Imputation Iteration #5 - FSUPPX,,,
FSUPPXI,Indicator/descriptor variable for income imputation.,,,
FWAGEXM,"The sum of the amount of wage/salary income before deductions for all household members, mean of imputation iterations.",,,
FWAGEXM_,"The sum of the amount of wage/salary income before deductions for all household members, mean of imputation iterations. (flag)",,,
FWAGEX1,Imputation Iteration #1 - FWAGEX,,,
FWAGEX2,Imputation Iteration #2 - FWAGEX,,,
FWAGEX3,Imputation Iteration #3 - FWAGEX,,,
FWAGEX4,Imputation Iteration #4 - FWAGEX,,,
FWAGEX5,Imputation Iteration #5 - FWAGEX,,,
FWAGEXI,Indicator/descriptor variable for income imputation.,,,
INC__NKM,NA,,,
JFS_AMTM,"Annual value of food stamps, mean of imputation iterations.",,,
JFS__MTM,NA,,,
JFS_AMT1,Imputation Iteration #1 - JFS_AMTX,,,
JFS_AMT2,Imputation Iteration #2 - JFS_AMTX,,,
JFS_AMT3,Imputation Iteration #3 - JFS_AMT,,,
JFS_AMT4,Imputation Iteration #4 - JFS_AMT,,,
JFS_AMT5,Imputation Iteration #5 - JFS_AMTX,,,
OTHINXM,"Amount received in other money income including money received from care of foster children, cash scholarships and fellowships, or stipends not based on working, mean of imputation iterations.",,,
OTHINXM_,"Amount received in other money income including money received from care of foster children, cash scholarships and fellowships, or stipends not based on working, mean of imputation iterations. (flag)",,,
OTHINX1,Imputation Iteration #1 - OTHINX,,,
OTHINX2,Imputation Iteration #2 - OTHINX,,,
OTHINX3,Imputation Iteration #3 - OTHINX,,,
OTHINX4,Imputation Iteration #4 - OTHINX,,,
OTHINX5,Imputation Iteration #5 - OTHINX,,,
OTHINXI,Indicator/descriptor variable for income imputation.,,,
WELFRXM,"Amount received from public assistance or welfare including money received from job training grants such as Job Corps, mean of imputation iterations.",,,
WELFRXM_,"Amount received from public assistance or welfare including money received from job training grants such as Job Corps, mean of imputation iterations. (flag)",,,
WELFRX1,Imputation Iteration #1 - WELFRX,,,
WELFRX2,Imputation Iteration #2 - WELFRX,,,
WELFRX3,Imputation Iteration #3 - WELFRX,,,
WELFRX4,Imputation Iteration #4 - WELFRX,,,
WELFRX5,Imputation Iteration #5 - WELFRX,,,
WELFRXI,Indicator/descriptor variable for income imputation.,,,
PICKCODE,Pick-up Code,,,
LUMPB,Could you tell me which range best reflects the total lump sum payments during the last 12 months?,,,
LUMPB_,Could you tell me which range best reflects the total lump sum payments during the last 12 months? (flag),,,
LUMPBX,Bracket variable for LUMPX.,,,
LUMPBX_,Bracket variable for LUMPX. (flag),,,
OTHINB,Could you tell me which range best reflects the total amount of other money income received during the last 12 months?,,,
OTHINB_,Could you tell me which range best reflects the total amount of other money income received during the last 12 months? (flag),,,
OTHINBX,Median of bracket range,,,
OTHINBX_,Median of bracket range (flag),,,
WELFRB,Could you tell me which range best reflects the total amount of income from cash assistance from state or local government welfare programs during the last 12 months?,1,welfare_range,
WELFRB_,Could you tell me which range best reflects the total amount of income from cash assistance from state or local government welfare programs during the last 12 months? (flag),,,
WELFRBX,Median of bracket range,,,
WELFRBX_,Median of bracket range (flag),,,
PSU,Primary Sampling Unit,1,,
HIGH_EDU,Highest level of education within the CU,1,highest_edu_in_cu,
FSMPFRMX,Family level summation for new variable SEMPFRMX and SMPFRMBX,,,
FSMP_RMX,NA,,,
FSMPFRX1,Imputation Iteration #1 - FSMPFRMX,,,
FSMPFRX2,Imputation Iteration #2 - FSMPFRMX,,,
FSMPFRX3,Imputation Iteration #3 - FSMPFRMX,,,
FSMPFRX4,Imputation Iteration #4 - FSMPFRMX,,,
FSMPFRX5,Imputation Iteration #5 - FSMPFRMX,,,
FSMPFRXI,Indicator/descriptor variable for income imputation.,,,
FSMPFRXM,"Total amount of income received from self-employment income by family grouping, mean of imputation iterations",,,
INTRDVB,Range that best reflects the amount you received in interest or dividends during the past 12 months,,,
INTRDVB_,Range that best reflects the amount you received in interest or dividends during the past 12 months (flag),,,
INTRDVBX,Median of Bracket Range,,,
INTR_VBX,NA,,,
INTRDVX,Amount of income received from interest and dividends,,,
INTRDVX_,Amount of income received from interest and dividends (flag),,,
INTRDVX1,Imputation Iteration #1 - INTRDIVX,,,
INTRDVX2,Imputation Iteration #2 - INTRDIVX,,,
INTRDVX3,Imputation Iteration #3 - INTRDIVX,,,
INTRDVX4,Imputation Iteration #4 - INTRDIVX,,,
INTRDVX5,Imputation Iteration #5 - INTRDIVX,,,
INTRDVXI,Indicator/descriptor variable for income imputation.,,,
INTRDVXM,"Amount of income received from interest and dividends, mean of the iterations",,,
NETRENTB,Range that best reflects the total net rental income or loss during the past 12 months,,,
NETR_NTB,NA,,,
NETRENTX,What was the amount of net rental income or loss?,,,
NETR_NTX,NA,,,
NETRNTBX,Median of Bracket Range,,,
NETR_TBX,NA,,,
NETRENT1,Imputation Iteration #1 - NETRENTX,,,
NETRENT2,Imputation Iteration #2 - NETRENTX,,,
NETRENT3,Imputation Iteration #3 - NETRENTX,,,
NETRENT4,Imputation Iteration #4 - NETRENTX,,,
NETRENT5,Imputation Iteration #5 - NETRENTX,,,
NETRENTI,Indicator/descriptor variable for income imputation.,,,
NETRENTM,"Amount of income received from net rental income or loss, mean of the iterations",,,
OTHREGB,"Range which best reflects the total amount received in Veteran's Administration (VA) payments, unemployment compensation, child support, or alimony during the past 12 months",,,
OTHREGB_,"Range which best reflects the total amount received in Veteran's Administration (VA) payments, unemployment compensation, child support, or alimony during the past 12 months (flag)",,,
OTHREGBX,Median of Bracket Range,,,
OTHR_GBX,NA,,,
OTHREGX,"Amount of income received from any other source such as Veteran’s Administration (VA) payments, unemployment compensation, child support, or alimony",,,
OTHREGX_,"Amount of income received from any other source such as Veteran’s Administration (VA) payments, unemployment compensation, child support, or alimony (flag)",,,
OTHREGX1,Imputation Iteration #1 - OTHREGX,,,
OTHREGX2,Imputation Iteration #2 - OTHREGX,,,
OTHREGX3,Imputation Iteration #3 - OTHREGX,,,
OTHREGX4,Imputation Iteration #4 - OTHREGX,,,
OTHREGX5,Imputation Iteration #5 - OTHREGX,,,
OTHREGXI,Indicator/descriptor variable for income imputation.,,,
OTHREGXM,"Amount of income received from any other source such as Veteran’s Administration (VA) payments, unemployment compensation, child support, or alimony, mean of the iterations",,,
RETSRVBX,Median of Bracket Range,,,
RETS_VBX,NA,,,
RETSURVB,"Range that best reflects the total amount received in retirement, survivor, or disability pensions during the past 12 months",,,
RETS_RVB,NA,,,
RETSURVX,"What was the amount received in retirement, survivor, or disability pensions during the past 12 months.",,,
RETS_RVX,NA,,,
RETSURV1,Imputation Iteration #1 - RETSURVX,,,
RETSURV2,Imputation Iteration #2 - RETSURVX,,,
RETSURV3,Imputation Iteration #3 - RETSURVX,,,
RETSURV4,Imputation Iteration #4 - RETSURVX,,,
RETSURV5,Imputation Iteration #5 - RETSURVX,,,
RETSURVI,Indicator/descriptor variable for income imputation.,,,
RETSURVM,"Amount of income received from retirement, survivor, or disability pensions, mean of the iterations",,,
ROYESTB,Range that best reflects the total amount received in royalty income or income from estates and trusts during the past 12 months,,,
ROYESTB_,Range that best reflects the total amount received in royalty income or income from estates and trusts during the past 12 months (flag),,,
ROYESTBX,Median of Bracket Range,,,
ROYE_TBX,NA,,,
ROYESTX,Amount of income received from royalty income or income from estates and trusts,,,
ROYESTX_,Amount of income received from royalty income or income from estates and trusts (flag),,,
ROYESTX1,Imputation Iteration #1 - ROYESTX,,,
ROYESTX2,Imputation Iteration #2 - ROYESTX,,,
ROYESTX3,Imputation Iteration #3 - ROYESTX,,,
ROYESTX4,Imputation Iteration #4 - ROYESTX,,,
ROYESTX5,Imputation Iteration #5 - ROYESTX,,,
ROYESTXI,Indicator/descriptor variable for income imputation.,,,
ROYESTXM,"Amount of income received from royalty income or income from estates and trusts, mean of the iterations",,,
FSMP_RXM,NA,,,
INTR_VXM,NA,,,
NETR_NTM,NA,,,
OTHR_GXM,NA,,,
RETS_RVM,NA,,,
ROYE_TXM,NA,,,
DIVISION,Division,,,
REFGEN,"Generation of the reference person: 

Create five values for generation based on the birth year of the reference person",,,
URBAN,URBAN/RURAL Census Sample Design,1,urban_rural_design,
HISP_REF,Hispanic origin of reference person,,,
HISP2,Hispanic origin of spouse,,,