{
  "hash": "029c2fbc96fe9bbffe5ef24fcb376e7b",
  "result": {
    "engine": "knitr",
    "markdown": "---\ntitle: Explore Earthquakes\nauthor: Charlotte Wickham\n---\n\n\n::: {.cell}\n\n```{.r .cell-code .hidden}\nlibrary(tidyverse)\n```\n\n::: {.cell-output .cell-output-stderr .hidden}\n\n```\n── Attaching core tidyverse packages ──────────────────────── tidyverse 2.0.0 ──\n✔ dplyr     1.1.4     ✔ readr     2.1.5\n✔ forcats   1.0.0     ✔ stringr   1.5.2\n✔ ggplot2   4.0.0     ✔ tibble    3.3.0\n✔ lubridate 1.9.4     ✔ tidyr     1.3.1\n✔ purrr     1.1.0     \n── Conflicts ────────────────────────────────────────── tidyverse_conflicts() ──\n✖ dplyr::filter() masks stats::filter()\n✖ dplyr::lag()    masks stats::lag()\nℹ Use the conflicted package (<http://conflicted.r-lib.org/>) to force all conflicts to become errors\n```\n\n\n:::\n:::\n\n\n\nRead a clean version of data:\n\n\n::: {.cell}\n\n```{.r .cell-code .hidden}\nla_palma <- read_csv(\"la-palma.csv\")\n```\n\n::: {.cell-output .cell-output-stderr .hidden}\n\n```\nRows: 11347 Columns: 5\n── Column specification ────────────────────────────────────────────────────────\nDelimiter: \",\"\ndbl  (4): Longitude, Latitude, Depth(km), Magnitude\ndttm (1): DateTime\n\nℹ Use `spec()` to retrieve the full column specification for this data.\nℹ Specify the column types or set `show_col_types = FALSE` to quiet this message.\n```\n\n\n:::\n:::\n\n\nCreate spatial plot:\n\nHere is a test plot\n\n\n::: {#cell-fig-cars .cell}\n\n```{.r .cell-code .hidden}\n#| label: fig-cars\n#| fig-cap: \"The test figure\"\n#| fig-alt: \"A figure showing car information\"\n\ncars |>\n  ggplot(aes(x = dist, y = speed)) +\n  geom_point()\n```\n\n::: {.cell-output-display}\n![The test figure](explore-earthquakes_files/figure-ipynb/fig-cars-1.png){#fig-cars fig-alt='A figure showing car information'}\n:::\n:::\n\n\n",
    "supporting": [
      "explore-earthquakes_files/figure-ipynb"
    ],
    "filters": [
      "rmarkdown/pagebreak.lua"
    ],
    "includes": {},
    "engineDependencies": {},
    "preserve": null,
    "postProcess": false
  }
}