<?xml version="1.0" encoding="utf-8" ?>
<!DOCTYPE article PUBLIC "-//NLM//DTD JATS (Z39.96) Journal Archiving
and Interchange DTD v1.2 20190208//EN" "JATS-archivearticle1.dtd">

<article xmlns:mml="http://www.w3.org/1998/Math/MathML" xmlns:xlink="http://www.w3.org/1999/xlink" dtd-version="1.2" article-type="other">

<front>
<journal-meta>
<journal-id></journal-id>

<journal-title-group>
<journal-title>Earth and Space Science</journal-title>
</journal-title-group>
<issn></issn>

<publisher>
<publisher-name></publisher-name>
</publisher>
</journal-meta>


<article-meta>


<title-group>
<article-title>Unpacking Household Budgeting Strategies through a
Transportation Lens</article-title>
</title-group>

<contrib-group>
<contrib contrib-type="author" corresp="yes">
<contrib-id contrib-id-type="orcid">0009-0003-5466-0821</contrib-id>
<name>
<surname>Mansfield</surname>
<given-names>Kamryn</given-names>
</name>
<string-name>Kamryn Mansfield</string-name>

<email>kmansfi4@vols.utk.edu</email>
<role vocab="https://credit.niso.org" vocab-term="writing – original
draft" vocab-term-identifier="https://credit.niso.org/contributor-roles/writing-original-draft/">Writing</role>
<role>Etc.</role>
<xref ref-type="aff" rid="aff-1">a</xref>
<xref ref-type="corresp" rid="cor-1">&#x002A;</xref>
</contrib>
<contrib contrib-type="author">
<contrib-id contrib-id-type="orcid">0000-0002-5615-0708</contrib-id>
<name>
<surname>Asmussen</surname>
<given-names>Katie</given-names>
</name>
<string-name>Katie Asmussen</string-name>

<role vocab="https://credit.niso.org" vocab-term="writing – original
draft" vocab-term-identifier="https://credit.niso.org/contributor-roles/writing-original-draft/">Writing</role>
<role>Etc.</role>
<xref ref-type="aff" rid="aff-2">b</xref>
</contrib>
</contrib-group>
<aff id="aff-1">
<institution-wrap>
<institution>University of Tennessee</institution>
</institution-wrap>







</aff>
<aff id="aff-2">
<institution-wrap>
<institution>University of Tenenessee</institution>
</institution-wrap>







</aff>
<author-notes>
<corresp id="cor-1">kmansfi4@vols.utk.edu</corresp>
</author-notes>

<pub-date date-type="pub" publication-format="electronic" iso-8601-date="2025-12-11">
<year>2025</year>
<month>12</month>
<day>11</day>
</pub-date>







<history></history>


<abstract>
<p>This is where we will put our abstract.</p>
</abstract>
<kwd-group kwd-group-type="author">
<kwd>Consumer Expenditure Survey</kwd>
<kwd>Transportation Spending</kwd>
<kwd>Family Spending</kwd>
<kwd>Budget</kwd>
</kwd-group>




</article-meta>

</front>

<body>
<sec id="introduction">
  <title>1 Introduction</title>
  <fig id="fig-timeline">
    <caption><p>Figure 1: Timeline of recent earthquakes on La
    Palma</p></caption>
    <graphic mimetype="image" mime-subtype="png" xlink:href="index_files/figure-jats/fig-timeline-1.png" />
  </fig>
  <p>Based on data up to and including 1971, eruptions on La Palma
  happen every 79.8 years on average.</p>
  <p>Studies of the magma systems feeding the volcano, such as Marrero
  et al.
  (<xref alt="2019" rid="ref-marrero2019" ref-type="bibr">2019</xref>),
  have proposed that there are two main magma reservoirs feeding the
  Cumbre Vieja volcano; one in the mantle (30-40km depth) which charges
  and in turn feeds a shallower crustal reservoir (10-20km depth).</p>
  <p>Eight eruptions have been recorded since the late 1400s
  (<xref alt="Figure 1" rid="fig-timeline">Figure 1</xref>).</p>
  <p>Data and methods are discussed in
  <xref alt="Section 2" rid="sec-data-methods">Section 2</xref>.</p>
  <p>Let <inline-formula><alternatives>
  <tex-math><![CDATA[x]]></tex-math>
  <mml:math display="inline" xmlns:mml="http://www.w3.org/1998/Math/MathML"><mml:mi>x</mml:mi></mml:math></alternatives></inline-formula>
  denote the number of eruptions in a year. Then,
  <inline-formula><alternatives>
  <tex-math><![CDATA[x]]></tex-math>
  <mml:math display="inline" xmlns:mml="http://www.w3.org/1998/Math/MathML"><mml:mi>x</mml:mi></mml:math></alternatives></inline-formula>
  can be modeled by a Poisson distribution</p>
  <p><styled-content id="eq-poisson"><disp-formula><alternatives>
  <tex-math><![CDATA[
  p(x) = \frac{e^{-\lambda} \lambda^{x}}{x !}
   \qquad(1)]]></tex-math>
  <mml:math display="block" xmlns:mml="http://www.w3.org/1998/Math/MathML"><mml:mrow><mml:mi>p</mml:mi><mml:mrow><mml:mo stretchy="true" form="prefix">(</mml:mo><mml:mi>x</mml:mi><mml:mo stretchy="true" form="postfix">)</mml:mo></mml:mrow><mml:mo>=</mml:mo><mml:mfrac><mml:mrow><mml:msup><mml:mi>e</mml:mi><mml:mrow><mml:mi>−</mml:mi><mml:mi>λ</mml:mi></mml:mrow></mml:msup><mml:msup><mml:mi>λ</mml:mi><mml:mi>x</mml:mi></mml:msup></mml:mrow><mml:mrow><mml:mi>x</mml:mi><mml:mi>!</mml:mi></mml:mrow></mml:mfrac><mml:mspace width="2.0em"></mml:mspace><mml:mrow><mml:mo stretchy="true" form="prefix">(</mml:mo><mml:mn>1</mml:mn><mml:mo stretchy="true" form="postfix">)</mml:mo></mml:mrow></mml:mrow></mml:math></alternatives></disp-formula></styled-content></p>
  <p>where <inline-formula><alternatives>
  <tex-math><![CDATA[\lambda]]></tex-math>
  <mml:math display="inline" xmlns:mml="http://www.w3.org/1998/Math/MathML"><mml:mi>λ</mml:mi></mml:math></alternatives></inline-formula>
  is the rate of eruptions per year. Using
  <xref alt="Equation 1" rid="eq-poisson">Equation 1</xref>, the
  probability of an eruption in the next <inline-formula><alternatives>
  <tex-math><![CDATA[t]]></tex-math>
  <mml:math display="inline" xmlns:mml="http://www.w3.org/1998/Math/MathML"><mml:mi>t</mml:mi></mml:math></alternatives></inline-formula>
  years can be calculated.</p>
  <fig id="tbl-history">
    <caption><p>Table 1: Recent historic eruptions on La
    Palma</p></caption>
    <table-wrap>
      <table>
        <thead>
          <tr>
            <th>Name</th>
            <th>Year</th>
          </tr>
        </thead>
        <tbody>
          <tr>
            <td>Current</td>
            <td>2021</td>
          </tr>
          <tr>
            <td>Teneguía</td>
            <td>1971</td>
          </tr>
          <tr>
            <td>Nambroque</td>
            <td>1949</td>
          </tr>
          <tr>
            <td>El Charco</td>
            <td>1712</td>
          </tr>
          <tr>
            <td>Volcán San Antonio</td>
            <td>1677</td>
          </tr>
          <tr>
            <td>Volcán San Martin</td>
            <td>1646</td>
          </tr>
          <tr>
            <td>Tajuya near El Paso</td>
            <td>1585</td>
          </tr>
          <tr>
            <td>Montaña Quemada</td>
            <td>1492</td>
          </tr>
        </tbody>
      </table>
    </table-wrap>
  </fig>
  <p><xref alt="Table 1" rid="tbl-history">Table 1</xref> summarises the
  eruptions recorded since the colonization of the islands by Europeans
  in the late 1400s.</p>
  <fig id="fig-map">
    <caption><p>Figure 2: Map of La Palma</p></caption>
    <graphic mimetype="image" mime-subtype="png" xlink:href="images/la-palma-map.png" />
  </fig>
  <p>La Palma is one of the west most islands in the Volcanic
  Archipelago of the Canary Islands
  (<xref alt="Figure 2" rid="fig-map">Figure 2</xref>).</p>
  <fig id="fig-cars">
    <caption><p>Figure 3: The test figure</p></caption>
    <graphic mimetype="image" mime-subtype="png" xlink:href="index_files/figure-jats/notebooks-explore-earthquakes-fig-cars-output-1.png" />
  </fig>
  <p><xref alt="Figure 3" rid="fig-cars">Figure 3</xref> shows the
  distance and speed of cars on a graph.</p>
  <p>As Paleti, Copperman, and Bhat
  (<xref alt="2011" rid="ref-paleti_empirical_2011" ref-type="bibr">2011</xref>)
  said, there is something awesome about this.
  (<xref alt="Osborne, Wu, and Benson 2021" rid="ref-osborne_updated_2021" ref-type="bibr">Osborne,
  Wu, and Benson 2021</xref>)</p>
</sec>
<sec id="sec-data-methods">
  <title>2 Data &amp; Methods</title>
  <p>One more citation
  (<xref alt="Nayga 1998" rid="ref-nayga_sample_1998" ref-type="bibr">Nayga
  1998</xref>)</p>
</sec>
<sec id="conclusion">
  <title>3 Conclusion</title>
</sec>
</body>

<back>
<ref-list>
  <title>References</title>
  <ref id="ref-marrero2019">
    <element-citation publication-type="article-journal">
      <person-group person-group-type="author">
        <name><surname>Marrero</surname><given-names>José</given-names></name>
        <name><surname>García</surname><given-names>Alicia</given-names></name>
        <name><surname>Berrocoso</surname><given-names>Manuel</given-names></name>
        <name><surname>Llinares</surname><given-names>Ángeles</given-names></name>
        <name><surname>Rodríguez-Losada</surname><given-names>Antonio</given-names></name>
        <name><surname>Ortiz</surname><given-names>R.</given-names></name>
      </person-group>
      <article-title>Strategies for the development of volcanic hazard maps in monogenetic volcanic fields: The example of La Palma (Canary Islands)</article-title>
      <source>Journal of Applied Volcanology</source>
      <year iso-8601-date="2019-07">2019</year><month>07</month>
      <volume>8</volume>
      <pub-id pub-id-type="doi">10.1186/s13617-019-0085-5</pub-id>
      <fpage></fpage>
      <lpage></lpage>
    </element-citation>
  </ref>
  <ref id="ref-paleti_empirical_2011">
    <element-citation publication-type="article-journal">
      <person-group person-group-type="author">
        <name><surname>Paleti</surname><given-names>Rajesh</given-names></name>
        <name><surname>Copperman</surname><given-names>Rachel B.</given-names></name>
        <name><surname>Bhat</surname><given-names>Chandra R.</given-names></name>
      </person-group>
      <article-title>An empirical analysis of children’s after school out-of-home activity-location engagement patterns and time allocation</article-title>
      <source>Transportation</source>
      <year iso-8601-date="2011-03">2011</year><month>03</month>
      <date-in-citation content-type="access-date"><year iso-8601-date="2025-08-28">2025</year><month>08</month><day>28</day></date-in-citation>
      <volume>38</volume>
      <issue>2</issue>
      <issn>0049-4488, 1572-9435</issn>
      <uri>http://link.springer.com/10.1007/s11116-010-9300-2</uri>
      <pub-id pub-id-type="doi">10.1007/s11116-010-9300-2</pub-id>
      <fpage>273</fpage>
      <lpage>303</lpage>
    </element-citation>
  </ref>
  <ref id="ref-osborne_updated_2021">
    <element-citation publication-type="report">
      <person-group person-group-type="author">
        <name><surname>Osborne</surname><given-names>Cynthia</given-names></name>
        <name><surname>Wu</surname><given-names>Erin</given-names></name>
        <name><surname>Benson</surname><given-names>Kaeley</given-names></name>
      </person-group>
      <article-title>An Updated Estimation Model of the Cost of Raising Children in Texas</article-title>
      <year iso-8601-date="2021-08">2021</year><month>08</month>
    </element-citation>
  </ref>
  <ref id="ref-nayga_sample_1998">
    <element-citation publication-type="article-journal">
      <person-group person-group-type="author">
        <name><surname>Nayga</surname><given-names>Rodolfo M.</given-names></name>
      </person-group>
      <article-title>A sample selection model for prepared food expenditures</article-title>
      <source>Applied Economics</source>
      <year iso-8601-date="1998-03">1998</year><month>03</month>
      <date-in-citation content-type="access-date"><year iso-8601-date="2025-11-22">2025</year><month>11</month><day>22</day></date-in-citation>
      <volume>30</volume>
      <issue>3</issue>
      <issn>0003-6846</issn>
      <uri>https://doi.org/10.1080/000368498325868</uri>
      <pub-id pub-id-type="doi">10.1080/000368498325868</pub-id>
      <fpage>345</fpage>
      <lpage>352</lpage>
    </element-citation>
  </ref>
</ref-list>
</back>

<sub-article article-type="notebook" id="nb-8-nb-article">
<front-stub>
<title-group>
<article-title>Unpacking Household Budgeting Strategies through a
Transportation Lens</article-title>
</title-group>
<contrib-group>
<contrib contrib-type="author" corresp="yes">
<contrib-id contrib-id-type="orcid">0009-0003-5466-0821</contrib-id>
<name>
<surname>Mansfield</surname>
<given-names>Kamryn</given-names>
</name>
<string-name>Kamryn Mansfield</string-name>

<email>kmansfi4@vols.utk.edu</email>
<role vocab="https://credit.niso.org" vocab-term="writing – original
draft" vocab-term-identifier="https://credit.niso.org/contributor-roles/writing-original-draft/">Writing</role>
<role>Etc.</role>
<xref ref-type="aff" rid="aff-1-nb-article">a</xref>
<xref ref-type="corresp" rid="cor-1-nb-article">&#x002A;</xref>
</contrib>
<contrib contrib-type="author">
<contrib-id contrib-id-type="orcid">0000-0002-5615-0708</contrib-id>
<name>
<surname>Asmussen</surname>
<given-names>Katie</given-names>
</name>
<string-name>Katie Asmussen</string-name>

<role vocab="https://credit.niso.org" vocab-term="writing – original
draft" vocab-term-identifier="https://credit.niso.org/contributor-roles/writing-original-draft/">Writing</role>
<role>Etc.</role>
<xref ref-type="aff" rid="aff-2-nb-article">b</xref>
</contrib>
</contrib-group>
<aff id="aff-1-nb-article">
<institution-wrap>
<institution>University of Tennessee</institution>
</institution-wrap>







</aff>
<aff id="aff-2-nb-article">
<institution-wrap>
<institution>University of Tenenessee</institution>
</institution-wrap>







</aff>
<author-notes>
<corresp id="cor-1-nb-article">kmansfi4@vols.utk.edu</corresp>
</author-notes>
<abstract>
<p>This is where we will put our abstract.</p>
</abstract>
</front-stub>

<body>
<sec id="introduction-nb-article">
  <title>1 Introduction</title>
  <sec specific-use="notebook-content">
  <code language="r script">eruptions &lt;- c(1492, 1585, 1646, 1677, 1712, 1949, 1971, 2021)
n_eruptions &lt;- length(eruptions)</code>
  </sec>
  <sec id="cell-fig-timeline-nb-article" specific-use="notebook-content">
  <code language="r script">par(mar = c(3, 1, 1, 1) + 0.1)
plot(eruptions, rep(0, n_eruptions), 
  pch = &quot;|&quot;, axes = FALSE)
axis(1)
box()</code>
  <fig id="fig-timeline-nb-article">
    <caption><p>Figure 1: Timeline of recent earthquakes on La
    Palma</p></caption>
    <graphic mimetype="image" mime-subtype="png" xlink:href="index_files/figure-jats/fig-timeline-1.png" />
  </fig>
  </sec>
  <sec specific-use="notebook-content">
  <code language="r script">avg_years_between_eruptions &lt;- mean(diff(eruptions[-n_eruptions]))
avg_years_between_eruptions</code>
  <boxed-text>
    <preformat>[1] 79.83333</preformat>
  </boxed-text>
  </sec>
  <p>Based on data up to and including 1971, eruptions on La Palma
  happen every 79.8 years on average.</p>
  <p>Studies of the magma systems feeding the volcano, such as Marrero
  et al.
  (<xref alt="2019" rid="ref-marrero2019-nb-article" ref-type="bibr">2019</xref>),
  have proposed that there are two main magma reservoirs feeding the
  Cumbre Vieja volcano; one in the mantle (30-40km depth) which charges
  and in turn feeds a shallower crustal reservoir (10-20km depth).</p>
  <p>Eight eruptions have been recorded since the late 1400s
  (<xref alt="Figure 1" rid="fig-timeline-nb-article">Figure 1</xref>).</p>
  <p>Data and methods are discussed in
  <xref alt="Section 2" rid="sec-data-methods-nb-article">Section 2</xref>.</p>
  <p>Let <inline-formula><alternatives>
  <tex-math><![CDATA[x]]></tex-math>
  <mml:math display="inline" xmlns:mml="http://www.w3.org/1998/Math/MathML"><mml:mi>x</mml:mi></mml:math></alternatives></inline-formula>
  denote the number of eruptions in a year. Then,
  <inline-formula><alternatives>
  <tex-math><![CDATA[x]]></tex-math>
  <mml:math display="inline" xmlns:mml="http://www.w3.org/1998/Math/MathML"><mml:mi>x</mml:mi></mml:math></alternatives></inline-formula>
  can be modeled by a Poisson distribution</p>
  <p><styled-content id="eq-poisson-nb-article"><disp-formula><alternatives>
  <tex-math><![CDATA[
  p(x) = \frac{e^{-\lambda} \lambda^{x}}{x !}
   \qquad(1)]]></tex-math>
  <mml:math display="block" xmlns:mml="http://www.w3.org/1998/Math/MathML"><mml:mrow><mml:mi>p</mml:mi><mml:mrow><mml:mo stretchy="true" form="prefix">(</mml:mo><mml:mi>x</mml:mi><mml:mo stretchy="true" form="postfix">)</mml:mo></mml:mrow><mml:mo>=</mml:mo><mml:mfrac><mml:mrow><mml:msup><mml:mi>e</mml:mi><mml:mrow><mml:mi>−</mml:mi><mml:mi>λ</mml:mi></mml:mrow></mml:msup><mml:msup><mml:mi>λ</mml:mi><mml:mi>x</mml:mi></mml:msup></mml:mrow><mml:mrow><mml:mi>x</mml:mi><mml:mi>!</mml:mi></mml:mrow></mml:mfrac><mml:mspace width="2.0em"></mml:mspace><mml:mrow><mml:mo stretchy="true" form="prefix">(</mml:mo><mml:mn>1</mml:mn><mml:mo stretchy="true" form="postfix">)</mml:mo></mml:mrow></mml:mrow></mml:math></alternatives></disp-formula></styled-content></p>
  <p>where <inline-formula><alternatives>
  <tex-math><![CDATA[\lambda]]></tex-math>
  <mml:math display="inline" xmlns:mml="http://www.w3.org/1998/Math/MathML"><mml:mi>λ</mml:mi></mml:math></alternatives></inline-formula>
  is the rate of eruptions per year. Using
  <xref alt="Equation 1" rid="eq-poisson-nb-article">Equation 1</xref>, the
  probability of an eruption in the next <inline-formula><alternatives>
  <tex-math><![CDATA[t]]></tex-math>
  <mml:math display="inline" xmlns:mml="http://www.w3.org/1998/Math/MathML"><mml:mi>t</mml:mi></mml:math></alternatives></inline-formula>
  years can be calculated.</p>
  <fig id="tbl-history-nb-article">
    <caption><p>Table 1: Recent historic eruptions on La
    Palma</p></caption>
    <table-wrap>
      <table>
        <thead>
          <tr>
            <th>Name</th>
            <th>Year</th>
          </tr>
        </thead>
        <tbody>
          <tr>
            <td>Current</td>
            <td>2021</td>
          </tr>
          <tr>
            <td>Teneguía</td>
            <td>1971</td>
          </tr>
          <tr>
            <td>Nambroque</td>
            <td>1949</td>
          </tr>
          <tr>
            <td>El Charco</td>
            <td>1712</td>
          </tr>
          <tr>
            <td>Volcán San Antonio</td>
            <td>1677</td>
          </tr>
          <tr>
            <td>Volcán San Martin</td>
            <td>1646</td>
          </tr>
          <tr>
            <td>Tajuya near El Paso</td>
            <td>1585</td>
          </tr>
          <tr>
            <td>Montaña Quemada</td>
            <td>1492</td>
          </tr>
        </tbody>
      </table>
    </table-wrap>
  </fig>
  <p><xref alt="Table 1" rid="tbl-history-nb-article">Table 1</xref> summarises the
  eruptions recorded since the colonization of the islands by Europeans
  in the late 1400s.</p>
  <fig id="fig-map-nb-article">
    <caption><p>Figure 2: Map of La Palma</p></caption>
    <graphic mimetype="image" mime-subtype="png" xlink:href="images/la-palma-map.png" />
  </fig>
  <p>La Palma is one of the west most islands in the Volcanic
  Archipelago of the Canary Islands
  (<xref alt="Figure 2" rid="fig-map-nb-article">Figure 2</xref>).</p>
  <sec id="cell-fig-cars-nb-article" specific-use="notebook-content">
  <code language="python">cars |&gt;
  ggplot(aes(x = dist, y = speed)) +
  geom_point()</code>
  <boxed-text>
    <fig id="fig-cars-nb-article">
      <caption><p>Figure 3: The test figure</p></caption>
      <graphic mimetype="image" mime-subtype="png" xlink:href="index_files/figure-jats/notebooks-explore-earthquakes-fig-cars-output-1.png" />
    </fig>
  </boxed-text>
  </sec>
  <p><xref alt="Figure 3" rid="fig-cars-nb-article">Figure 3</xref> shows the
  distance and speed of cars on a graph.</p>
  <p>As Paleti, Copperman, and Bhat
  (<xref alt="2011" rid="ref-paleti_empirical_2011-nb-article" ref-type="bibr">2011</xref>)
  said, there is something awesome about this.
  (<xref alt="Osborne, Wu, and Benson 2021" rid="ref-osborne_updated_2021-nb-article" ref-type="bibr">Osborne,
  Wu, and Benson 2021</xref>)</p>
</sec>
<sec id="sec-data-methods-nb-article">
  <title>2 Data &amp; Methods</title>
  <p>One more citation
  (<xref alt="Nayga 1998" rid="ref-nayga_sample_1998-nb-article" ref-type="bibr">Nayga
  1998</xref>)</p>
</sec>
<sec id="conclusion-nb-article">
  <title>3 Conclusion</title>
</sec>
</body>



<back>
<ref-list>
  <title>References</title>
  <ref id="ref-marrero2019-nb-article">
    <element-citation publication-type="article-journal">
      <person-group person-group-type="author">
        <name><surname>Marrero</surname><given-names>José</given-names></name>
        <name><surname>García</surname><given-names>Alicia</given-names></name>
        <name><surname>Berrocoso</surname><given-names>Manuel</given-names></name>
        <name><surname>Llinares</surname><given-names>Ángeles</given-names></name>
        <name><surname>Rodríguez-Losada</surname><given-names>Antonio</given-names></name>
        <name><surname>Ortiz</surname><given-names>R.</given-names></name>
      </person-group>
      <article-title>Strategies for the development of volcanic hazard maps in monogenetic volcanic fields: The example of La Palma (Canary Islands)</article-title>
      <source>Journal of Applied Volcanology</source>
      <year iso-8601-date="2019-07">2019</year><month>07</month>
      <volume>8</volume>
      <pub-id pub-id-type="doi">10.1186/s13617-019-0085-5</pub-id>
      <fpage></fpage>
      <lpage></lpage>
    </element-citation>
  </ref>
  <ref id="ref-paleti_empirical_2011-nb-article">
    <element-citation publication-type="article-journal">
      <person-group person-group-type="author">
        <name><surname>Paleti</surname><given-names>Rajesh</given-names></name>
        <name><surname>Copperman</surname><given-names>Rachel B.</given-names></name>
        <name><surname>Bhat</surname><given-names>Chandra R.</given-names></name>
      </person-group>
      <article-title>An empirical analysis of children’s after school out-of-home activity-location engagement patterns and time allocation</article-title>
      <source>Transportation</source>
      <year iso-8601-date="2011-03">2011</year><month>03</month>
      <date-in-citation content-type="access-date"><year iso-8601-date="2025-08-28">2025</year><month>08</month><day>28</day></date-in-citation>
      <volume>38</volume>
      <issue>2</issue>
      <issn>0049-4488, 1572-9435</issn>
      <uri>http://link.springer.com/10.1007/s11116-010-9300-2</uri>
      <pub-id pub-id-type="doi">10.1007/s11116-010-9300-2</pub-id>
      <fpage>273</fpage>
      <lpage>303</lpage>
    </element-citation>
  </ref>
  <ref id="ref-osborne_updated_2021-nb-article">
    <element-citation publication-type="report">
      <person-group person-group-type="author">
        <name><surname>Osborne</surname><given-names>Cynthia</given-names></name>
        <name><surname>Wu</surname><given-names>Erin</given-names></name>
        <name><surname>Benson</surname><given-names>Kaeley</given-names></name>
      </person-group>
      <article-title>An Updated Estimation Model of the Cost of Raising Children in Texas</article-title>
      <year iso-8601-date="2021-08">2021</year><month>08</month>
    </element-citation>
  </ref>
  <ref id="ref-nayga_sample_1998-nb-article">
    <element-citation publication-type="article-journal">
      <person-group person-group-type="author">
        <name><surname>Nayga</surname><given-names>Rodolfo M.</given-names></name>
      </person-group>
      <article-title>A sample selection model for prepared food expenditures</article-title>
      <source>Applied Economics</source>
      <year iso-8601-date="1998-03">1998</year><month>03</month>
      <date-in-citation content-type="access-date"><year iso-8601-date="2025-11-22">2025</year><month>11</month><day>22</day></date-in-citation>
      <volume>30</volume>
      <issue>3</issue>
      <issn>0003-6846</issn>
      <uri>https://doi.org/10.1080/000368498325868</uri>
      <pub-id pub-id-type="doi">10.1080/000368498325868</pub-id>
      <fpage>345</fpage>
      <lpage>352</lpage>
    </element-citation>
  </ref>
</ref-list>
</back>


</sub-article>
<sub-article article-type="notebook" id="nb-4-nb-1">
<front-stub>
<title-group>
<article-title>Explore Earthquakes</article-title>
</title-group>
<contrib-group>
<contrib contrib-type="author">
<name>
<surname>Wickham</surname>
<given-names>Charlotte</given-names>
</name>
<string-name>Charlotte Wickham</string-name>

</contrib>
</contrib-group>
</front-stub>

<body>
<sec specific-use="notebook-content">
<code language="r script">library(tidyverse)
</code>
<boxed-text>
  <preformat>── Attaching core tidyverse packages ──────────────────────── tidyverse 2.0.0 ──
✔ dplyr     1.1.4     ✔ readr     2.1.5
✔ forcats   1.0.0     ✔ stringr   1.5.2
✔ ggplot2   4.0.0     ✔ tibble    3.3.0
✔ lubridate 1.9.4     ✔ tidyr     1.3.1
✔ purrr     1.1.0     
── Conflicts ────────────────────────────────────────── tidyverse_conflicts() ──
✖ dplyr::filter() masks stats::filter()
✖ dplyr::lag()    masks stats::lag()
ℹ Use the conflicted package (&lt;http://conflicted.r-lib.org/&gt;) to force all conflicts to become errors</preformat>
</boxed-text>
</sec>
<p>Read a clean version of data:</p>
<sec specific-use="notebook-content">
<code language="r script">la_palma &lt;- read_csv(&quot;la-palma.csv&quot;)
</code>
<boxed-text>
  <preformat>Rows: 11347 Columns: 5
── Column specification ────────────────────────────────────────────────────────
Delimiter: &quot;,&quot;
dbl  (4): Longitude, Latitude, Depth(km), Magnitude
dttm (1): DateTime

ℹ Use `spec()` to retrieve the full column specification for this data.
ℹ Specify the column types or set `show_col_types = FALSE` to quiet this message.</preformat>
</boxed-text>
</sec>
<p>Create spatial plot:</p>
<p>Here is a test plot</p>
<sec id="cell-fig-cars-nb-1" specific-use="notebook-content">
<code language="r script">
cars |&gt;
  ggplot(aes(x = dist, y = speed)) +
  geom_point()
</code>
<fig id="fig-cars-nb-1">
  <caption><p>The test figure</p></caption>
  <graphic mimetype="image" mime-subtype="png" xlink:href="explore-earthquakes_files/figure-jats/fig-cars-1.png" />
</fig>
</sec>
</body>



<back>
</back>


</sub-article>

</article>