{
  "hash": "6a4afa994ae99090f80777671a67b9b3",
  "result": {
    "engine": "knitr",
    "markdown": "---\ntitle: Unpacking Household Budgeting Strategies through a Transportation Lens\nauthor:\n  - name: Kamryn Mansfield\n    orcid: 0009-0003-5466-0821\n    corresponding: true\n    email: kmansfi4@vols.utk.edu\n    roles:\n      - Writing\n      - Etc.\n    affiliations:\n      - University of Tennessee\n  - name: Katie Asmussen\n    orcid: 0000-0002-5615-0708\n    corresponding: false\n    roles: \n      - Writing\n      - Etc.\n    affiliations:\n      - University of Tenenessee\nkeywords:\n  - Consumer Expenditure Survey\n  - Transportation Spending\n  - Family Spending\n  - Budget\nabstract: |\n  This is where we will put our abstract.\nplain-language-summary: |\n  This is a plain language summary\nkey-points:\n  - Consumer Expenditur Survey data was used to categorize family spending\n  - Three latent classes were created\n  - Here are some more key points\ndate: last-modified\nbibliography: references.bib\ncitation:\n  container-title: Earth and Space Science\nnumber-sections: true\n---\n\n## Introduction\n\n\n::: {.cell}\n\n```{.r .cell-code .hidden}\neruptions <- c(1492, 1585, 1646, 1677, 1712, 1949, 1971, 2021)\nn_eruptions <- length(eruptions)\n```\n:::\n\n\n\n::: {#cell-fig-timeline .cell}\n\n```{.r .cell-code .hidden}\npar(mar = c(3, 1, 1, 1) + 0.1)\nplot(eruptions, rep(0, n_eruptions), \n  pch = \"|\", axes = FALSE)\naxis(1)\nbox()\n```\n\n::: {.cell-output-display}\n![Timeline of recent earthquakes on La Palma](index_files/figure-html/fig-timeline-1.png){#fig-timeline fig-alt='An event plot of the years of the last 8 eruptions on La Palma.' width=576}\n:::\n:::\n\n\n\n::: {.cell}\n\n```{.r .cell-code .hidden}\navg_years_between_eruptions <- mean(diff(eruptions[-n_eruptions]))\navg_years_between_eruptions\n```\n\n::: {.cell-output .cell-output-stdout .hidden}\n\n```\n[1] 79.83333\n```\n\n\n:::\n:::\n\n\nBased on data up to and including 1971, eruptions on La Palma happen every 79.8 years on average.\n\nStudies of the magma systems feeding the volcano, such as @marrero2019, have proposed that there are two main magma reservoirs feeding the Cumbre Vieja volcano; one in the mantle (30-40km depth) which charges and in turn feeds a shallower crustal reservoir (10-20km depth).\n\nEight eruptions have been recorded since the late 1400s (@fig-timeline).\n\nData and methods are discussed in @sec-data-methods.\n\nLet $x$ denote the number of eruptions in a year. Then, $x$ can be modeled by a Poisson distribution\n\n$$\np(x) = \\frac{e^{-\\lambda} \\lambda^{x}}{x !}\n$$ {#eq-poisson}\n\nwhere $\\lambda$ is the rate of eruptions per year. Using @eq-poisson, the probability of an eruption in the next $t$ years can be calculated.\n\n| Name                 | Year   |\n| -------------------- | ------ |\n| Current              | 2021   |\n| Teneguía             | 1971   |\n| Nambroque            | 1949   |\n| El Charco            | 1712   |\n| Volcán San Antonio   | 1677   |\n| Volcán San Martin    | 1646   |\n| Tajuya near El Paso  | 1585   |\n| Montaña Quemada      | 1492   |\n\n: Recent historic eruptions on La Palma {#tbl-history}\n\n@tbl-history summarises the eruptions recorded since the colonization of the islands by Europeans in the late 1400s.\n\n![Map of La Palma](images/la-palma-map.png){#fig-map}\n\nLa Palma is one of the west most islands in the Volcanic Archipelago of the Canary Islands (@fig-map). \n\n{{< embed notebooks/explore-earthquakes.qmd#fig-cars >}}\n\n@fig-cars shows the distance and speed of cars on a graph. \n\nAs @paleti_empirical_2011 said, there is something awesome about this. [@osborne_updated_2021]\n\n## Data & Methods {#sec-data-methods}\n\nOne more citation [@nayga_sample_1998]\n\n## Conclusion\n\n## References {.unnumbered}\n\n:::{#refs}\n\n:::",
    "supporting": [
      "index_files/figure-html"
    ],
    "filters": [
      "rmarkdown/pagebreak.lua"
    ],
    "includes": {},
    "engineDependencies": {},
    "preserve": {},
    "postProcess": true
  }
}